From	To
Q00955	ACC1
P19097	FAS2
P07149	FAS1
P00359	TDH3
P32324	EFT1
P32324	EFT2
P10591	SSA1
P00549	CDC19
P07259	URA2
P00925	ENO2
P16521	YEF3
P00560	PGK1
P46367	ALD4
P06169	PDC1
P15108	HSC82
P02994	TEF1
P02994	TEF2
P31539	HSP104
P16861	PFK1
P11484	SSB1
P17255	VMA1
P00331	ADH2
P07806	VAS1
P05030	PMA1
P14540	FBA1
Q01574	ACS1
P33327	GDH2
P09436	ILS1
P19414	ACO1
P22137	CHC1
Q07653	HBT1
P11154	PYC1
Q12680	GLT1
P32191	GUT2
P19882	HSP60
P06105	SCP160
P07251	ATP1
P32582	CYS4
P32589	SSE1
P33892	GCN1
P54114	ALD3
P05694	MET6
P38720	GND1
Q02207	FOX2
Q05506	YDR341C
P07264	LEU1
P12709	PGI1
P26637	CDC60
P38088	GRS1
P07245	ADE3
P04801	THS1
Q03612	TY1B-ER1
P38972	ADE6
P06168	ILV5
P0CS90	SSC1
P15019	TAL1
P10963	PCK1
P54115	ALD6
P10664	RPL4A
P04806	HXK1
P40825	ALA1
P00830	ATP2
P33315	TKL2
P16862	PFK2
P46655	GUS1
P00360	TDH1
P37012	PGM2
P17709	GLK1
P23254	TKL1
Q05022	RRP5
P22515	UBA1
P14126	RPL3
P04802	DPS1
P38631	FKS1
P10081	TIF1
P10081	TIF2
P15180	KRS1
P0CX36	RPS4B
P32568	SNQ2
P16140	VMA2
P08566	ARO1
P07284	SES1
P38249	RPG1
P38011	ASC1
P13188	GLN4
P32454	APE2
P32775	GLC3
P39954	SAH1
P41939	IDP2
P04807	HXK2
P38708	YHR020W
P15705	STI1
P29453	RPL8B
P20967	KGD1
P15624	FRS1
P00950	GPM1
P10964	RPA190
P00175	CYB2
P05750	RPS3
P60010	ACT1
P49089	ASN1
P32316	ACH1
Q12460	NOP56
P09435	SSA3
P40069	KAP123
P38009	ADE17
P25694	CDC48
P37291	SHM2
P39676	YHB1
P18239	PET9
P04840	POR1
P00890	CIT1
P33442	RPS1A
P07244	ADE57
P00942	TPI1
Q03104	MSC1
P07262	GDH1
P38707	DED81
P04147	PAB1
Q03690	CLU1
P38219	OLA1
P31688	TPS2
P32891	DLD1
P06738	GPH1
P39522	ILV3
P16547	OM45
P00931	TRP5
P38788	SSZ1
P38625	GUA1
P39986	SPF1
P06115	CTT1
P00817	IPP1
P09624	LPD1
P16120	THR4
P21576	VPS1
P38764	RPN1
P07991	CAR2
P15992	HSP26
Q08972	NEW1
P17649	UGA1
P25087	ERG6
P05737	RPL7A
P54839	ERG13
P24783	DBP2
P06103	PRT1
P00924	ENO1
P00330	ADH1
P03965	CPA2
Q10740	LAP2
P06208	LEU4
P38840	ARO9
P38115	ARA1
P17505	MDH1
P53622	COP1
P41338	ERG10
P42943	CCT7
P39730	FUN12
P16474	KAR2
P33302	PDR5
Q07478	SUB2
P11412	ZWF1
P36008	TEF4
P07257	QCR2
P30624	FAA1
P48570	LYS20
P23542	AAT2
P40024	ARB1
Q03558	OYE2
P07256	COR1
P32565	RPN2
P38427	TSL1
P0CX38	RPS6B
P07263	HTS1
P31116	HOM6
P19358	SAM2
P52910	ACS2
P04050	RPO21
P30952	MLS1
P39077	CCT3
P02992	TUF1
P32340	NDI1
P06106	MET17
P41810	SEC26
Q12230	LSP1
P80210	ADE12
P32476	ERG1
P40413	CCT5
P26321	RPL5
P14832	CPR1
P00958	MES1
P16387	PDA1
P33322	CBF5
P50095	IMD3
P06634	DED1
P0CX44	RPL1B
P12385	SUP45
P41940	PSA1
Q04336	YMR196W
P14065	GCY1
P41811	SEC27
P26786	RPS7A
P22855	AMS1
Q05911	ADE13
P25491	YDJ1
P32074	SEC21
P07342	ILV2
P38715	GRE3
Q00711	SDH1
P08518	RPB2
P05738	RPL9A
P32599	SAC6
P41805	RPL10
P29311	BMH1
P10592	SSA2
P37898	AAP1
P32497	NIP1
P08417	FUM1
P39076	CCT2
P32796	CAT2
P38934	BFR1
P21954	IDP1
Q03195	RLI1
P32563	VPH1
P53312	LSC2
P14742	GFA1
P28274	URA7
P00927	ILV1
P07283	SEC53
P53228	NQM1
P07278	BCY1
P22138	RPA135
P32419	MDH3
P33416	HSP78
Q12363	WTM1
P32558	SPT16
P25443	RPS2
P53852	YNL247W
P28240	ICL1
P39078	CCT4
P38968	SEC31
Q12443	RTN2
Q03940	RVB1
P38891	BAT1
P34167	TIF3
Q06625	GDB1
P00815	HIS4
P34760	TSA1
P37292	SHM1
P47120	LIA1
P13663	HOM2
P32481	GCD11
P24280	SEC14
Q12499	NOP58
P17967	PDI1
Q04894	ADH6
Q12118	SGT2
P54885	PRO2
P15625	FRS2
P38013	AHP1
P32861	UGP1
P36060	MCR1
P32590	SSE2
P38205	NCL1
P29547	CAM1
P47079	CCT8
P53131	PRP43
P49723	RNR4
P41277	GPP1
Q07551	YDL124W
P53090	ARO8
P0CX52	RPS16B
P38137	PCS60
P33299	RPT1
P53319	GND2
P37303	GLY1
P23641	MIR1
P27472	GSY2
P32377	MVD1
P40217	TIF34
P53978	HEF3
P12612	TCP1
P09440	MIS1
P26783	RPS5
Q00764	TPS1
P11745	RNA1
P07267	PEP4
P0CX48	RPS11B
P00899	TRP2
P39976	DLD3
P0CX46	RPL2B
P0CX24	RPL20B
P32356	NTH1
Q12074	SPE3
Q02326	RPL6A
P09733	TUB1
Q04304	YMR090W
P00445	SOD1
P32190	GUT1
P38077	ATP3
P12945	NAT1
Q04491	SEC13
P36421	TYS1
P05453	SUP35
P28834	IDH1
P32449	ARO4
P41921	GLR1
P36013	MAE1
Q05016	YMR226C
P49090	ASN2
P53912	YNL134C
P38791	DYS1
P36156	ECM4
Q08968	FMP40
P54861	DNM1
P0CX54	RPL12B
P31373	CYS3
P27476	NSR1
P35844	KES1
P21243	SCL1
P16550	APA1
P09938	RNR2
P39518	FAA2
P13711	POX1
P54838	DAK1
P15424	MSS116
P29509	TRR1
P10127	ADH4
Q00055	GPD1
P05759	RPS31
Q12428	PDH1
P47117	ARP3
P32527	ZUO1
Q04792	GAD1
P47912	FAA4
Q12123	DCS2
P17423	THR1
P28241	IDH2
P25294	SIS1
P07170	ADK1
P12695	LAT1
P12683	HMG1
P53252	PIL1
P41807	VMA13
P08524	ERG20
P37302	APE3
P40215	NDE1
P20449	DBP5
Q04178	HPT1
P53839	GOR1
P36112	MIC60
P26263	PDC6
P53598	LSC1
P15303	SEC23
P15646	NOP1
P40482	SEC24
P38795	QNS1
P47176	BAT2
P32473	PDB1
Q12109	WRS1
P39968	VAC8
Q04371	YMR027W
Q12265	PRS5
P09064	SUI3
P32614	FRD1
P40010	NUG1
P54113	ADE16
Q03532	HAS1
Q04409	EMI2
P39958	GDI1
P39015	STM1
Q06151	DCS1
Q04660	ERB1
P46654	RPS0B
P05755	RPS9B
P0C0W9	RPL11A
P14904	APE1
P22768	ARG1
P48589	RPS12
P00498	HIS1
Q03161	YMR099C
P31412	VMA5
Q03102	YML131W
Q04458	HFD1
P38861	NMD3
P38431	TIF5
P33303	SFC1
P23301	HYP2
P04076	ARG4
P0CX56	RPS18B
P14020	DPM1
P33330	SER1
P47143	ADO1
P20447	DBP3
P36010	YNK1
P39683	NPT1
P04046	ADE4
P40531	GVP36
Q12154	GET3
P16603	NCP1
P14306	TFS1
P32368	SAC1
P46672	ARC1
P15873	POL30
Q3E7Y3	RPS22B
P05756	RPS13
P0CX83	RPL19B
P39079	CCT6
P13298	URA5
P39516	RPS14B
P26785	RPL16B
P25605	ILV6
P14127	RPS17B
P38754	RPL14B
Q12466	TCB1
Q06494	YPR127W
P02557	TUB2
P36139	PET10
P07281	RPS19B
P09201	FBP1
P07213	TOM70
P38999	LYS9
P47137	YJR096W
P38626	CBR1
P40495	LYS12
P40212	RPL13B
P05748	RPL15A
Q12447	PAA1
Q05567	DPL1
P05317	RPP0
P28777	ARO2
P0CX85	RPL35B
Q01939	RPT6
Q05050	EIS1
Q08911	FDH1
P23615	SPT6
P29952	PMI40
P22203	VMA4
P53235	YGR054W
P41816	OYE3
P47075	VTC4
P34227	PRX1
P29704	ERG9
P32892	DRS1
P49367	LYS4
P35719	MRP8
Q02892	NOG1
P14120	RPL30
P22943	HSP12
P14906	SEC63
Q04947	RTN1
P33775	PMT1
P21965	MCK1
P54783	ALO1
P32895	PRS1
Q03862	ARX1
P24276	SSD1
P0CX50	RPL18B
P07703	RPC40
P19262	KGD2
P43567	AGX1
P40471	AYR1
P16649	TUP1
P31383	TPD3
P32468	CDC12
P22133	MDH2
P19657	PMA2
P15202	CTA1
P0CX42	RPL23B
P40302	PRE5
P0CX32	RPS24B
P38067	UGA2
P38858	SOL3
P22147	XRN1
P53184	PNC1
P53691	CPR6
P39533	ACO2
Q12068	GRE2
Q04697	GSF2
P02294	HTB2
P17536	TPM1
P27616	ADE1
P43590	YFR006W
P18562	FUR1
P07246	ADH3
P08067	RIP1
P0CX11	ERR2
P10614	ERG11
Q02785	PDR12
Q04432	HSP31
Q07500	NDE2
P33767	WBP1
P40075	SCS2
P0C2H6	RPL27A
P53925	YNL115C
P22146	GAS1
Q02753	RPL21A
P46681	DLD2
P38701	RPS20
P40093	YER156C
P32598	GLC7
P07260	CDC33
P53731	ARC35
Q06408	ARO10
P21801	SDH2
P38689	PRS3
P10080	SBP1
P39729	RBG1
P0C2H8	RPL31A
P00812	CAR1
P09457	ATP5
P43616	DUG1
P40032	TPA1
P04456	RPL25
P33298	RPT3
P32386	YBT1
P0CX40	RPS8B
P02406	RPL28
P30822	CRM1
P36148	GPT2
P50107	GLO1
P40016	RPN3
P53303	ZPR1
Q08971	YPL225W
P14843	ARO3
P39940	RSP5
P38081	YBR056W
P04449	RPL24A
Q12335	PST2
P25349	YCP4
P42945	UTP10
P15703	BGL2
P34251	YKL107W
P00447	SOD2
P53914	KRE33
P22803	TRX2
P53081	NIF3
Q08723	RPN8
P38821	APE4
P32264	PRO1
P43593	UBP6
P11076	ARF1
Q12754	RRP12
Q12458	YPR1
P32366	VMA6
P31382	PMT2
P04037	COX4
Q07629	YDL218W
P15454	GUK1
P47018	MTC1
P20459	SUI2
P40970	LCB2
P38230	ZTA1
P40510	SER33
Q01080	RPA49
P32471	EFB1
P43535	GCN20
P43635	CIT3
P05626	ATP4
P53742	NOG2
P10659	SAM1
P09232	PRB1
P27614	CPS1
P32288	GLN1
Q12449	AHA1
Q06440	CRN1
P25293	NAP1
P32835	GSP1
Q12464	RVB2
P38695	HXT5
P32263	PRO3
P38616	YGP1
P40850	MKT1
P20606	SAR1
Q12377	RPN6
P53909	AAH1
P03962	URA3
Q12305	RDL1
P15891	ABP1
P01123	YPT1
Q03048	COF1
P32621	GDA1
Q04062	RPN9
P02829	HSP82
P10869	HOM3
Q04305	UTP15
P20081	FPR1
P40961	PHB1
P34231	YKL187C
Q12019	MDN1
P33734	HIS7
P21242	PRE10
Q07451	YET3
P46680	AIP1
P53278	YGR130C
Q12159	YRA1
Q06103	RPN7
Q08969	GRE1
P30902	ATP7
P23180	AIM17
P53141	MLC1
P36018	YPT52
P32771	SFA1
P40893	REE1
Q3E841	YNR034W-A
P52893	ALT1
Q04869	YMR315W
P53549	RPT4
Q08977	CUB1
P19524	MYO2
P25375	PRD1
P00937	TRP3
P53981	PYP1
P38628	PCM1
P38071	ETR1
P53261	NOP7
Q99287	SEY1
P38555	YPT31
Q12029	FSF1
P33297	RPT5
P0CX30	RPS23B
P26784	RPL16A
P38804	RTC3
Q02931	NAN1
P33401	PGM1
Q03640	TCB3
P40327	RPT2
P05373	HEM2
Q08208	NOP12
P02309	HHF1
P02309	HHF2
P47047	MTR4
P39517	DHH1
Q06252	YLR179C
P07275	PUT2
P21524	RNR1
P23337	GSY1
P25623	SYP1
Q12189	RKI1
P32897	TIM23
P38879	EGD2
P21147	OLE1
P00128	QCR7
P40008	FMP52
Q08193	GAS5
Q3E7X9	RPS28A
P40185	MMF1
P15274	AMD1
P53095	DSD1
P36015	YKT6
P40580	IRC24
P36136	SHB17
P50861	RIB4
Q05905	HRI1
P39926	SSO2
P25343	RVS161
P09950	HEM1
Q04344	HNT1
P32608	RTG2
Q01532	LAP3
P02400	RPP2B
Q07505	YDL086W
P01120	RAS2
P00427	COX6
O14455	RPL36B
P32379	PUP2
P53860	PDR16
P38260	FES1
P07143	CYT1
P47154	STE24
P32501	GCD6
P23776	EXG1
P48164	RPS7B
P00044	CYC1
P40991	NOP2
P39935	TIF4631
Q12250	RPN5
P40086	COX15
P40165	NNR1
Q04175	SXM1
Q04067	TIF35
P27796	POT1
P38910	HSP10
P17695	GRX2
P38777	FSH1
Q3E754	RPS21B
P00410	COX2
P33201	MRT4
P05319	RPP2A
P40518	ARC15
P38986	ASP1
P40047	ALD5
Q12746	PGA3
P38328	ARC40
Q06287	EMG1
P22202	SSA4
Q12329	HSP42
P00358	TDH2
Q01855	RPS15
P47160	ENT3
Q08822	CIR2
P23639	PRE8
P31787	ACB1
Q12462	PEX11
P47771	ALD2
P06780	RHO1
P38250	IST2
P38314	SDS24
P32381	ARP2
P38845	CRP1
P25719	CPR3
P35691	TMA19
P32803	EMP24
P43123	QRI1
Q12031	ICL2
Q01217	ARG5,6
P53315	SOL4
Q08235	BRX1
P38688	SRP72
P18759	SEC18
P32573	SPS19
P27810	KTR1
Q05584	GLO2
P54781	ERG5
P41911	GPD2
Q01662	MAP1
Q07825	FRA1
P19454	CKA2
P25567	SRO9
P39109	YCF1
P47068	BBC1
P36114	YKR018C
P36017	VPS21
P54837	ERV25
Q06078	UTP21
P40188	RGI2
P42842	EMW1
Q08985	SAM4
P38624	PRE3
P06782	SNF1
P25574	EMC1
P38698	PPX1
Q06489	MRI1
P36086	YKL071W
Q02046	MTD1
P39721	AIM2
P38694	MSC7
P38711	RPS27B
Q04438	SPG4
P49167	RPL38
P32477	GSH1
P39744	NOC2
P53615	NCE103
P43588	RPN11
P06787	CMD1
P40581	HYR1
P49435	APT1
Q12513	TMA17
P25373	GRX1
Q02821	SRP1
P00546	CDC28
P38075	PDX3
P06101	CDC37
Q12314	SFM1
P38712	RRP3
P32628	RAD23
P05744	RPL33A
P43583	BLM10
P16622	HEM15
P47119	HAM1
P32327	PYC2
Q05515	SVF1
P36160	RPF2
P32911	SUI1
P27466	CMK1
Q06205	FPR4
P32466	HXT3
P38264	PHO88
P32588	PUB1
P39714	BDH1
P20424	SRP54
P0CT04	PBI2
Q03835	GRX3
Q02725	VTC3
P38988	GGC1
P05749	RPL22A
P25374	NFS1
P22141	PRE1
Q07651	FMP45
P32795	YME1
Q00402	NUM1
P41819	DIM1
P07277	ERG12
P12904	SNF4
P40513	MAM33
P15700	URA6
P34160	STO1
P38998	LYS1
Q03028	ODC1
Q06505	SPN1
P23248	RPS1B
P38061	RPL32
Q12044	RCN2
P53145	LSG1
P25372	TRX3
P12688	YPK1
P32843	YME2
P38620	PRS2
P32898	CYM1
Q08421	ETT1
Q08926	UIP4
P42936	YGR201C
Q12434	RDI1
P32791	FRE1
P38627	URA8
Q04636	POB3
P17555	SRV2
Q01560	NPL3
P32602	SEC17
P80235	YAT1
P32485	HOG1
Q07938	MEU1
P25342	CDC10
P38886	RPN10
Q99288	DET1
P40582	GTT1
P32457	CDC3
P53295	RBG2
P53332	CAB4
P39990	SNU13
P49954	NIT3
P40037	HMF1
Q04013	YHM2
P38929	PMC1
Q3E792	RPS25A
P38069	MNN2
Q12402	YOP1
P50085	PHB2
P53723	YNR021W
P32939	YPT7
O43137	YBR085C-A
P30771	NAM7
Q06706	IKI3
P25045	LCB1
P32915	SEC61
Q86ZR7	YKL033W-A
P46669	RPA43
Q08162	DIS3
P47096	BNA1
Q08745	RPS10A
Q03973	HMO1
P40202	CCS1
P40312	CYB5
P41920	YRB1
P40017	YAT2
P38817	GGA2
P28495	CAP1
P38779	CIC1
P04710	AAC1
P30657	PRE4
Q12008	GPM2
P53254	UTP22
P41543	OST1
Q12374	NCA2
P40693	RLP7
P07560	SEC4
P40303	PRE6
P43561	FET5
P48015	GCV1
Q12355	PST1
P43555	EMP47
O14467	MBF1
P38523	MGE1
P39010	AKR1
P22217	TRX1
P23644	TOM40
Q02642	EGD1
Q99258	RIB3
Q00245	RHO3
P13517	CAP2
P53903	PGA2
P36152	DRE2
Q12512	ZPS1
Q01519	COX12
P53849	GIS2
P33204	ARC19
P40579	YIR035C
P53043	PPT1
P36049	EBP2
Q12012	YOR289W
P53199	ERG26
P53075	SHE10
P53256	RRP46
P19881	PHO13
P38687	SRP68
Q12359	ATO3
P32502	GCD7
P49095	GCV2
Q06679	UTP4
P38810	SFB3
Q12522	TIF6
P32335	MSS51
P07258	CPA1
Q05775	HCR1
P22336	RFA1
P47127	AIM24
Q08245	ZEO1
P32458	CDC11
P32486	KRE6
P23638	PRE9
P38883	RIX1
P32349	RPC82
P47052	YJL045W
P42846	KRI1
P43586	LOC1
P00127	QCR6
P28817	EHD3
P25379	CHA1
P35189	TAF14
Q05359	ERP1
P53250	TWF1
P43585	VTC2
Q08179	MDM38
Q12233	ATP20
P47818	CCC1
P38074	HMT1
P38112	MAK5
P38841	YHR138C
P38755	OSH7
P28625	YIM1
P48362	HGH1
Q04120	TSA2
Q08647	PUS7
P40509	SEC28
Q06177	TMA10
P38630	RFC1
P40989	GSC2
P39925	AFG3
P34216	EDE1
P25613	ADY2
P38996	NAB3
Q07623	NOP6
P00424	COX5A
P53172	SDS23
P34223	SHP1
P50094	IMD4
P40029	MXR1
P38197	YBL036C
P46969	RPE1
P38809	YHR097C
Q05788	PNP1
P38235	YBR053C
P32332	OAC1
Q08686	TUM1
P53633	YIP3
P22517	CMK2
P40506	CAB2
P25039	MEF1
P28272	URA1
P42938	TDA10
P38248	ECM33
P32597	STH1
P05739	RPL6B
P33338	SLA2
P48231	TCB2
P23595	PPH22
P27692	SPT5
P36101	TCD2
P38836	ECM14
P53276	UTP8
P0CX26	RPL43B
P38286	IFA38
P21304	PWP1
Q01852	TIM44
Q12252	PHM7
P43569	CAF16
Q12122	LYS21
Q03713	RCF1
P36141	FMP46
P38426	TPS3
P11938	RAP1
P32496	RPN12
P89886	TMA20
P11491	PHO8
P40462	TMA108
Q07878	VPS13
P38732	EFM1
P41058	RPS29B
Q06142	KAP95
P32337	PSE1
P17076	RPL8A
P21734	UBC1
Q12496	YOL098C
P36059	NNR2
P40053	AIM9
P00729	PRC1
Q06146	YLR257W
Q05123	ARP9
Q08965	BMS1
P39743	RVS167
P21827	SRM1
P04912	HTA2
P25451	PUP3
P15565	TRM1
P39938	RPS26A
Q06705	CSR1
Q08601	MCA1
Q12018	CDC53
P32787	MGM101
Q05933	ARC18
Q06338	BCP1
P07347	ARD1
P30656	PRE2
P53885	MDG1
P51601	FOL2
Q12117	MRH1
Q12389	DBP10
P20448	HCA4
P38353	SSH1
P33750	SOF1
P32179	MET22
P32178	ARO7
P40483	YIL108W
P38805	RPF1
Q12480	AIM45
P46956	PHO86
P11986	INO1
P32445	RIM1
P38765	YHI9
P40087	DDI1
Q03124	RSC9
P38199	HEK2
Q99383	HRP1
Q05785	ENT2
P36046	MIA40
Q12178	FCY1
P39966	PTC2
Q03774	TRM82
P15496	IDI1
P27809	KRE2
Q12306	SMT3
P21306	ATP15
P28707	SBA1
P20484	MAK11
P14922	CYC8
P40169	YNL194C
P32447	ASF1
P53834	HCH1
P38993	FET3
O74700	TIM9
Q08096	RCL1
P53334	SCW4
P32352	ERG2
Q96VH5	MIC10
P38295	EHT1
P38325	OM14
Q04439	MYO5
P20107	ZRC1
Q12486	YOR131C
P48836	VMA10
P07255	COX9
P38333	ENP1
P38116	ARL1
P53883	NOP13
Q07527	TRM3
Q04212	ARA2
Q06106	MRD1
P40348	RFC2
Q12404	MPD1
P52892	ALT2
Q12285	MDY2
P24521	ERG8
P42940	CIR1
Q12024	YTM1
Q12405	LPX1
Q03629	YML079W
P10662	MRP1
P36047	SDS22
P34248	YKL100C
P16451	PDX1
Q12691	ENA5
Q06137	YLR345W
Q03677	ADI1
Q08548	ALE1
P33328	SNC2
P53296	ATF2
P89105	CTR9
Q12339	UTP23
P21560	CBP3
Q05979	BNA5
Q96VH4	HBN1
P32521	PAN1
Q12408	NPC2
P14747	CMP2
P53265	YGR111W
P53072	TAN1
P32867	SSO1
P23202	URE2
P43621	RET2
P29295	HRR25
P53008	CWH41
Q02933	RNY1
Q12441	TY1A-DR3
P38773	DOG2
P53733	RSM19
P20051	URA4
Q04373	PUF6
Q03034	FDC1
Q12176	MAK21
P25367	RNQ1
P25043	PUP1
P46971	PMT4
P39994	PXP1
P33331	NTF2
P21375	OSM1
P06244	TPK1
P50276	MUP1
Q03246	MRPS17
P47133	EMC2
P38352	SAF1
P35723	YET1
P13586	PMR1
P53868	ALG9
P36775	PIM1
P35180	TOM20
P38716	YHR112C
P06785	CDC21
P53898	NSG2
Q03280	TOM1
P25297	PHO84
Q01477	UBP3
P40160	RIO2
P06245	TPK2
P22696	ESS1
P10823	GPA2
P50101	UBP15
P39107	MNN9
P16370	RPB3
P26755	RFA3
P47077	NOP9
P38221	CDS1
P25582	SPB1
Q08444	NOB1
P25555	GBP2
P42935	ELP2
P54860	UFD2
P36051	MCD4
Q12692	HTZ1
P09734	TUB3
P07274	PFY1
P42942	YGR210C
Q12452	ERG27
P38251	RFC5
Q02486	ABF2
Q12211	PUS1
Q06010	STE23
P53617	NRD1
P24000	RPL24B
Q99316	MPD2
P25635	PWP2
P53063	RAI1
P40055	UTP7
P28007	GAR1
Q06053	DUS3
Q12000	TMA46
P25037	UBP1
P26793	RAD27
Q08412	CUE5
Q06839	LEC1
P81450	ATP18
Q02776	TIM50
Q99257	MEX67
P25573	MGR1
P53011	SEH1
P53136	NSA1
P46948	SKI6
P32469	DPH5
P53550	DCP2
P39727	ERV46
Q07381	TSR1
P39726	GCV3
P53040	TAF6
P38828	LSM12
P25586	KRR1
P22213	SLY1
P17106	CBF1
Q06697	CDC73
P53600	RET3
P40319	ELO3
Q05636	RRP45
P47173	YJR142W
P28789	HEM3
P13856	RSR1
P15731	UBC4
P40414	TPM2
P36523	MRPL15
Q07915	RLP24
P40318	SSM4
P20434	RPB5
P39931	SSP120
P39007	STT3
P35191	MDJ1
P53045	ERG25
Q99260	YPT6
P43609	RSC8
P33753	TRM2
P25626	IMG1
Q03921	DOP1
P53753	DSE4
Q06892	POS5
Q06689	YLR413W
Q06631	BFR2
Q12133	SPC3
P19146	ARF2
Q06344	ESF1
P40078	NSA2
P36151	YKR070W
P47122	NPA3
P36520	MRPL10
P53927	NOP15
P35184	SQT1
P52286	SKP1
P28795	PEX3
Q01976	YSA1
Q06485	ATG33
Q06405	ATP17
Q06385	VPS74
P20435	RPO26
Q07541	EXP1
Q02795	SWP1
P81449	TIM11
P13130	SPS100
P52490	UBC13
P38759	VPS29
P38166	SFT2
P32463	ACP1
P28000	RPC19
P49626	RPL4B
Q12085	TY1A-GR1
P32907	ATO2
P0CX34	RPS30B
P54964	REX2
P53759	DUS1
Q08227	INP54
P38142	YBR241C
P23585	HXT2
P11914	MAS2
P43636	ALG2
P34222	PTH2
P25619	HSP30
P22214	SEC22
Q99190	TSC13
Q3E7B6	VMA9
Q12331	YDR262W
Q12125	GET4
Q08962	NIP7
P53507	TOM7
P46992	TOH1
P10622	RPP1B
Q08225	YOL057W
P36154	AIM29
P38911	FPR3
P53721	RCF2
P53044	UFD1
Q04225	RRB1
P35194	UTP20
P40150	SSB2
P38903	RTS1
P41903	TES1
P47031	IML2
P40433	PFK26
Q02908	ELP3
P47083	MPP10
Q12114	CHS5
P32916	SRP101
P50945	MIC27
P39013	END3
P38862	ATG7
P23292	YCK2
Q02961	YPL113C
P38719	DBP8
Q02784	GRX5
P38238	TRM7
P40452	COA1
P34253	KTI12
P47006	RPA34
P29468	PAP1
P38144	ISW1
P47085	MHO1
P38697	IMD2
P34163	TGL1
P12687	MRP7
P14680	YAK1
P38792	RRP4
P11792	SCH9
P37299	QCR10
P15367	SEC11
P48510	DSK2
Q99325	ATG40
P50088	SPG1
Q07896	NOC3
P32388	MRP49
P38217	KAP104
P13393	SPT15
Q04781	RKR1
P38276	YBR137W
P54003	SUR7
Q03705	CGI121
Q06685	VIP1
Q12354	YLR118C
Q3E824	YOR020W-A
Q06336	GGA1
P50087	MIC26
P32472	FPR2
P42941	SER2
P16965	STF2
P49334	TOM22
P38885	AIM46
P38066	RIB1
P53130	GPG1
P32860	NFU1
P53049	YOR1
P33317	DUT1
Q05892	COQ11
Q08970	MMT2
P21182	SPE2
P32623	UTR2
Q03262	PRM15
Q04338	VTI1
P39985	POL5
P40043	RGI1
Q08959	PGC1
P20049	TYR1
P38341	MIC12
P22276	RET1
Q12386	ARP8
P52489	PYK2
P47169	MET5
P32611	RML2
Q06709	REH1
P47165	XPT1
P38169	BNA4
P39008	POP2
P07172	HIS5
P37267	CBP4
Q03655	GAS3
Q07395	SYO1
P40564	DJP1
P35197	GCS1
P40341	YTA12
P38856	YAP1801
P38811	TRA1
P38784	VMA22
P42838	LEM3
Q12136	SAS10
P40056	GET2
P53220	TIM21
P32347	HEM12
P35732	DEF1
Q08641	ABP140
P38629	RFC3
P25296	CNB1
P53326	YGR266W
P43603	LSB3
P36081	PSG1
Q12451	OSH2
P46988	PFD1
P51401	RPL9B
P39004	HXT7
P24784	DBP1
P33754	SEC66
Q02932	KAP120
P52917	VPS4
Q04080	GPI17
Q02354	UTP6
P41057	RPS29A
P12754	GCD2
P17891	CLC1
P46959	GCD14
Q06523	YPR148C
P17442	PHO81
Q12532	RQC2
Q99207	NOP14
Q01163	RSM23
Q06506	RRP9
Q00772	SLT2
Q12156	AIM7
P34730	BMH2
Q12032	AIM41
P38758	TDA3
P04161	ADE8
P17558	PET123
P26570	PPZ1
P39012	GAA1
P26754	RFA2
P25808	SPB4
P42826	XKS1
P38167	ECM21
P32643	TMT1
P36516	MRPL3
P33399	LHP1
P32783	ABD1
Q12453	CEX1
Q02648	TRM44
P38345	SDH8
P53920	NMA111
P05318	RPP1A
Q02201	OSH6
Q99312	ISN1
P30665	MCM4
P53337	ERV29
Q08960	TYW1
P38736	GOS1
P61830	HHT1
P61830	HHT2
P32266	MGM1
P28273	OXP1
P54000	SUB1
Q12207	NCE102
P50263	SIP18
P52891	NUP84
P14772	BPT1
P35845	SWH1
Q12165	ATP16
P40469	MET18
Q06143	DIC1
P07285	TRP4
P39685	POM152
P05747	RPL29
P41056	RPL33B
P40485	SLM1
Q03768	GIR2
P47124	HOC1
P53206	MCY1
Q03516	RSN1
P22135	ATP12
P38875	GPI16
P38129	TAF5
P25359	RRP43
P32505	NAB2
P16467	PDC5
P39106	MNN1
P38884	AIM18
P32864	MRS6
P32583	SRP40
P30402	URA10
P10962	MAK16
P37298	SDH4
P09880	TRL1
P48363	PAC10
P08536	MET3
P40054	SER3
Q07844	RIX7
P40557	EPS1
Q03834	MSH6
Q04235	TRM12
P53163	MNP1
P47089	TMA22
P35179	SSS1
P38113	ADH5
Q6Q560	ISD11
P40416	ATM1
Q07914	PAM18
P10507	MAS1
P53100	YGL185C
P23503	NAR1
P46990	RPL17B
P33324	YKL091C
P47084	MRX12
P25644	PAT1
P20433	RPB4
P29469	MCM2
P52593	NUP188
Q12349	ATP14
P46989	ATG27
P19073	CDC42
Q3E772	LSO2
P46982	MNN5
P05150	ARG3
Q6Q546	HUB1
P53313	SDA1
P38786	RPP1
P36527	MRPL28
P46957	POL31
Q03103	ERO1
P33421	SDH3
Q12328	TIM22
P37293	NAT2
P41818	GLC8
P01094	PAI3
P32353	ERG3
Q05778	PBA1
P20436	RPB8
P00572	CDC8
O13547	CCW14
Q06493	YLH47
Q03529	SCS7
P36169	SKG1
Q03790	NUP53
P10363	PRI1
Q03799	MRPS8
P36088	YKL069W
Q06132	SGD1
P39104	PIK1
P38162	MIX23
P38120	MRPS9
P36069	PMU1
P34078	LTV1
P09620	KEX1
Q2V2P2	YKL065W-A
Q06178	NMA1
Q04493	GIM5
P50108	MNN10
P39704	ERP2
P38172	MRX3
P36521	MRPL11
P22211	NPR1
Q08230	SDH5
Q07716	AIM6
P50086	NAS6
P43321	SMD3
P40168	YNL195C
Q08202	OPI10
P05743	RPL26A
O13516	RPS9A
Q12672	RPL21B
P0C0V8	RPS21A
P23594	PPH21
P38079	YRO2
P23291	YCK1
P32899	IMP3
P32906	MNS1
P32478	HSP150
Q12697	YPK9
Q07540	YFH1
P39998	EDC3
P32351	IMP2'
Q8J0M4	YCL012C
Q12432	EAF3
P53335	PXR1
P53109	AIM14
P40070	LSM4
P36035	JEN1
P33296	UBC6
P32802	EMP70
A5Z2X5	YPR010C-A
Q9P305	IGO2
P18411	FUN14
P00401	COX1
P23642	VAN1
Q3E846	COA6
Q12040	YOR283W
Q07688	YPD1
Q02199	NUP49
P53738	TRM112
P47155	ILM1
P40548	SNL1
P40364	MPM1
P40073	SHO1
P34240	ZRT3
P32799	COX13
P21825	SEC62
Q3E7Z5	YIL002W-A
Q12497	FMP16
Q12082	YDL157C
Q12010	YPQ1
Q07648	DTD1
P53551	HHO1
P53173	ERV14
P47141	RSM26
P39540	ELO1
P38109	ATG42
P20486	CKS1
P01097	INH1
Q8TGU7	YBR126W-A
Q2V2P4	ATG44
Q12160	YPR063C
Q06672	TSR2
Q06011	ECM19
Q05874	NNT1
Q03691	ROT1
P80967	TOM5
P40422	RPC10
P40030	ERG28
P36091	DCW1
P29703	RAM2
P25654	YCR090C
P25358	ELO2
P22139	RPB10
P08525	QCR8
P04039	COX8
P53875	MRPL19
P53960	YNL040W
P38149	DUG2
P04051	RPO31
P34087	RPB7
P25339	PUF4
P36147	PAM17
P37296	STV1
Q03180	PIR3
Q12463	TRM11
P38623	RCK2
P40040	THO1
P22354	MRPL20
Q12287	COX17
P22936	APN1
P24031	PHO3
P51998	YML6
Q03088	SVL3
Q12179	YPL245W
Q01159	CEG1
Q08732	HRK1
Q08023	FMP25
P25371	ADP1
P11972	SST2
Q04951	SCW10
P40339	RFC4
P40033	RSM18
Q08438	VHS3
P25040	TSR4
Q04341	MIX14
P54730	UBX4
P28006	GAC1
P08679	CIT2
P32500	NDC1
Q12387	MDM20
P40089	LSM5
Q12406	ARP7
P49957	TRM9
P34241	URB1
P23287	CNA1
Q07418	PEX19
P06102	NOT3
Q07657	SHS1
Q04767	TVP18
P32529	RPA12
Q07589	YDL144C
P25569	GID7
P38961	RRP8
P40491	FMC1
P53847	DSL1
Q08287	NOP8
P38124	FLR1
P47148	PXP2
P23797	GPI12
P40035	PIC2
Q3E7A4	CMC2
P53730	ALG12
Q92325	LAG2
P47035	NET1
P18961	YPK2
P36144	UTP30
P34237	COY1
Q02979	GDE1
Q12153	SSF2
P38121	POL12
P48837	NUP57
P40481	HPM1
P25515	VMA3
P53843	IST1
P25382	RSA4
